{"cameraMode":{"drawMode":0,"name":"Shaded","section":"Shading Mode"},"sceneLighting":false,"audioPlay":false,"sceneViewState":{"showFog":true,"showMaterialUpdate":false,"showSkybox":true,"showFlares":true,"showImageEffects":true,"showParticleSystems":true},"in2DMode":false,"pivot":{"x":-30.79180145263672,"y":6.058574199676514,"z":-30.320470809936525},"rotation":{"x":-0.08838219940662384,"y":0.7146768569946289,"z":-0.09184356778860092,"w":-0.6877487897872925},"size":15.003914833068848,"orthographic":false}