{"cameraMode":{"drawMode":0,"name":"Shaded","section":"Shading Mode"},"sceneLighting":false,"audioPlay":false,"sceneViewState":{"showFog":true,"showMaterialUpdate":false,"showSkybox":true,"showFlares":true,"showImageEffects":true,"showParticleSystems":true},"in2DMode":false,"pivot":{"x":-15.066543579101563,"y":1.6937682628631592,"z":-11.300902366638184},"rotation":{"x":0.06159447878599167,"y":0.9135425686836243,"z":-0.15099991858005525,"w":0.3726365864276886},"size":2.1073949337005617,"orthographic":false}