{"cameraMode":{"drawMode":0,"name":"Shaded","section":"Shading Mode"},"sceneLighting":false,"audioPlay":false,"sceneViewState":{"showFog":true,"showMaterialUpdate":false,"showSkybox":true,"showFlares":true,"showImageEffects":true,"showParticleSystems":true},"in2DMode":false,"pivot":{"x":-15.474603652954102,"y":1.3495221138000489,"z":-11.323934555053711},"rotation":{"x":-0.09624164551496506,"y":0.8825356364250183,"z":-0.20646269619464875,"w":-0.4113899767398834},"size":2.111243486404419,"orthographic":false}