{"cameraMode":{"drawMode":0,"name":"Shaded","section":"Shading Mode"},"sceneLighting":false,"audioPlay":false,"sceneViewState":{"showFog":true,"showMaterialUpdate":false,"showSkybox":true,"showFlares":true,"showImageEffects":true,"showParticleSystems":true},"in2DMode":false,"pivot":{"x":-26.53154754638672,"y":2.3759076595306398,"z":-10.95763111114502},"rotation":{"x":0.13569678366184236,"y":-0.7869250774383545,"z":0.18658843636512757,"w":0.5723045468330383},"size":-0.29390770196914675,"orthographic":false}