{"cameraMode":{"drawMode":0,"name":"Shaded","section":"Shading Mode"},"sceneLighting":false,"audioPlay":false,"sceneViewState":{"showFog":true,"showMaterialUpdate":false,"showSkybox":true,"showFlares":true,"showImageEffects":true,"showParticleSystems":true},"in2DMode":false,"pivot":{"x":-14.462977409362793,"y":-0.16913414001464845,"z":5.803043842315674},"rotation":{"x":-0.23603688180446626,"y":-0.34410420060157778,"z":0.08981235325336456,"w":-0.9043352007865906},"size":3.0138683319091799,"orthographic":false}