{"cameraMode":{"drawMode":0,"name":"Shaded","section":"Shading Mode"},"sceneLighting":false,"audioPlay":false,"sceneViewState":{"showFog":true,"showMaterialUpdate":false,"showSkybox":true,"showFlares":true,"showImageEffects":true,"showParticleSystems":true},"in2DMode":false,"pivot":{"x":-15.496000289916993,"y":-0.0412173867225647,"z":4.690789699554443},"rotation":{"x":-0.22208690643310548,"y":-0.7377526760101318,"z":0.28810927271842959,"w":-0.5686919093132019},"size":0.9430820345878601,"orthographic":false}