{"cameraMode":{"drawMode":0,"name":"Shaded","section":"Shading Mode"},"sceneLighting":false,"audioPlay":false,"sceneViewState":{"showFog":true,"showMaterialUpdate":false,"showSkybox":true,"showFlares":true,"showImageEffects":true,"showParticleSystems":true},"in2DMode":false,"pivot":{"x":-11.350871086120606,"y":-1.8640141487121583,"z":-2.377321243286133},"rotation":{"x":-0.07129675149917603,"y":-0.9180178642272949,"z":0.1930873692035675,"w":-0.33896487951278689},"size":8.386298179626465,"orthographic":false}