{"cameraMode":{"drawMode":0,"name":"Shaded","section":"Shading Mode"},"sceneLighting":false,"audioPlay":false,"sceneViewState":{"showFog":true,"showMaterialUpdate":false,"showSkybox":true,"showFlares":true,"showImageEffects":true,"showParticleSystems":true},"in2DMode":false,"pivot":{"x":-12.577598571777344,"y":1.1040229797363282,"z":5.560434818267822},"rotation":{"x":0.10211509466171265,"y":0.6548171043395996,"z":-0.08994105458259583,"w":0.7434401512145996},"size":7.447222709655762,"orthographic":false}