{"cameraMode":{"drawMode":0,"name":"Shaded","section":"Shading Mode"},"sceneLighting":false,"audioPlay":false,"sceneViewState":{"showFog":true,"showMaterialUpdate":false,"showSkybox":true,"showFlares":true,"showImageEffects":true,"showParticleSystems":true},"in2DMode":false,"pivot":{"x":-14.98029613494873,"y":-0.4582643508911133,"z":-6.869147300720215},"rotation":{"x":-0.03462713211774826,"y":-0.951948881149292,"z":0.2807692587375641,"w":-0.1174011304974556},"size":5.394114971160889,"orthographic":false}