{"cameraMode":{"drawMode":0,"name":"Shaded","section":"Shading Mode"},"sceneLighting":false,"audioPlay":false,"sceneViewState":{"showFog":true,"showMaterialUpdate":false,"showSkybox":true,"showFlares":true,"showImageEffects":true,"showParticleSystems":true},"in2DMode":false,"pivot":{"x":-11.480602264404297,"y":2.773743152618408,"z":4.159738540649414},"rotation":{"x":0.028830667957663537,"y":0.967664361000061,"z":-0.13026057183742524,"w":0.21415844559669496},"size":4.814338207244873,"orthographic":false}